rtc/100/0100T-200712PM.txt,Chklalov Dr -- SE Mill Plain Blvd / Vancouver  WA,x,12/5/2007,16:50-17:50,387,181,152,58,1371,140,141,311,389,507,1551,554,1,11,8,3,,,,,45.6209984,-122.5548172
rtc/100/0100T-200811PM.txt,Chkalov Dr -- SE Mill Plain Blvd / Vancouver  WA,x,11/20/2008,16:45-17:45,370,157,142,73,1376,139,157,287,398,513,1603,633,2,4,1,1,,,,,45.6209984,-122.5548172
rtc/101/0101T-200712PM.txt,136th Ave -- SE Mill Plain Blvd / Vancouver  WA,x,12/5/2007,16:25-17:25,205,297,261,260,886,247,151,262,163,149,1352,384,0,0,4,3,,,,,45.6186180,-122.5326691
rtc/101/0101T-200811PM.txt,136th Ave -- SE Mill Plain Blvd / Vancouver  WA,x,11/20/2008,16:25-17:25,229,294,297,288,862,231,145,289,154,159,1376,354,2,4,1,1,,,,,45.6186180,-122.5326691
rtc/102/0102T-200712PM.txt,Olympia Dr -- SE Mill Plain Blvd / Vancouver  WA,x,12/5/2007,16:00-17:00,0,0,0,0,1354,53,62,0,66,55,1672,0,0,1,4,0,,,,,45.6179695,-122.5265274
rtc/102/0102T-200811PM.txt,Olympia Dr -- SE Mill Plain Blvd / Vancouver  WA,x,11/20/2008,16:20-17:20,0,0,0,0,1328,81,65,0,78,60,1744,4,0,3,4,0,,,,,45.6179695,-122.5265274
rtc/103/0103T-200712PM.txt,SE Hearthwood Blvd/Parkcrest Ave -- SE Mill Plain Blvd / Vancouver  WA,x,12/5/2007,16:15-17:15,343,74,127,101,912,145,92,83,135,129,1275,339,2,6,4,5,,,,,45.6175423,-122.5225525
rtc/106/0106T-200712PM.txt,SE 164th Ave -- Mill Plain Blvd / Vancouver   WA,x,12/4/2007,16:25-17:25,183,668,162,131,466,197,145,1011,478,349,503,268,5,0,0,0,,,,,45.6154747,-122.5042877
rtc/106/0106T-200812PM.txt,SE 164th Ave -- SE Mill Plain Blvd / Vancouver  WA,x,12/2/2008,16:25-17:25,156,666,178,129,431,221,151,1023,470,354,549,246,4,1,3,5,,,,,45.6154747,-122.5042877
rtc/120/0120T-201105PM.txt,Union -- SR-14 / Camas   OR,x,5/26/2011,16:50-17:50,87,8,85,73,752,6,4,4,5,18,1034,82,0,0,0,0,0,0,0,0,45.5801620,-122.3856888
rtc/121/0121T-201006PM.txt,2nd St -- SR 14 / Washougal  WA,x,6/4/2010,16:20-17:20,66,11,49,70,828,16,17,18,20,18,1086,129,0,0,0,1,,,,,45.5805130,-122.3782501
rtc/158/0158T-200712PM.txt,SE 164th Ave -- SE McGillivary Blvd / Vancouver   WA,x,12/4/2007,16:35-17:35,34,1029,167,148,169,216,235,1153,199,99,172,83,0,4,0,0,,,,,45.6043510,-122.5038605
rtc/158/0158T-200812PM.txt,SE 164th Ave -- SE McGillivary Blvd / Vancouver  WA,x,12/2/2008,16:25-17:25,49,971,155,184,160,167,261,1109,162,99,176,75,5,2,5,0,,,,,45.6043510,-122.5038605
rtc/161/0161T-201105PM.txt,Sierra St -- Lake Rd / Camas  OR,x,5/19/2011,16:50-17:50,0,0,0,0,223,74,98,0,70,105,346,0,0,0,1,0,3,0,4,0,45.6133575,-122.4289474
rtc/180/0180T-200712PM.txt,NE Stapleton Rd -- NE Fourth Plain Blvd / Vancouver  WA,x,12/6/2007,16:10-17:10,63,186,165,133,565,41,59,242,87,76,648,89,18,1,5,3,,,,,45.6412392,-122.6166000
rtc/180/0180T-200812PM.txt,NE Stapleton Rd -- NE Fourth Plain Blvd / Vancouver  WA,x,12/3/2008,16:00-17:00,58,180,160,139,560,43,50,230,87,79,683,111,14,8,2,0,,,,,45.6412392,-122.6166000
rtc/181/0181T-200712PM.txt,NE Andresen Rd -- NE Fourth Plain Blvd / Vancouver  WA,x,12/6/2007,16:05-17:05,328,562,374,457,365,151,80,746,180,206,550,432,0,3,0,0,,,,,45.6447868,-122.6007004
rtc/181/0181T-200812PM.txt,NE Andresen Rd -- NE Fourth Plain Blvd / Vancouver  WA,x,12/3/2008,16:00-17:00,355,674,331,389,344,135,81,847,244,240,475,481,3,18,16,11,,,,,45.6447868,-122.6007004
rtc/182/0182T-200712PM.txt,NE BurtonRd/NE Auto Mall Dr -- NE Fourth Plain Blvd / Vancouver  WA,x,12/6/2007,16:05-17:05,162,85,71,60,595,86,135,65,102,88,785,244,12,11,7,3,,,,,45.6451721,-122.5981750
rtc/182/0182T-200812PM.txt,NE BurtonRd/NE Auto Mall Dr -- NE Fourth Plain Blvd / Vancouver  WA,x,12/3/2008,16:00-17:00,155,69,56,49,524,98,136,70,101,98,622,206,6,7,7,17,,,,,45.6451721,-122.5981750
rtc/183/0183T-200712PM.txt,NE 86th St -- NE Fourth Plain Blvd / Vancouver  WA,x,12/6/2007,16:35-17:35,0,0,0,0,400,246,397,0,123,178,614,0,0,1,2,1,,,,,45.6498260,-122.5859985
rtc/183/0183T-200812PM.txt,NE 86th St -- NE Fourth Plain Blvd / Vancouver  WA,x,12/3/2008,16:00-17:00,0,0,0,0,392,248,378,0,100,121,562,1,0,1,4,0,,,,,45.6498260,-122.5859985
rtc/184/0184T-200712PM.txt,NE Thurston Way/NE Royal Oaks Dr -- NE Fourth Plain Blvd / Vancouver  WA,x,12/6/2007,16:45-17:45,232,9,102,71,444,7,16,4,4,0,720,256,2,0,0,1,,,,,45.6509323,-122.5836334
rtc/184/0184T-200812PM.txt,NE Thurston Way/NE Royal Oaks Dr -- NE Fourth Plain Blvd / Vancouver  WA,x,12/3/2008,16:00-17:00,194,9,82,70,430,3,44,19,12,0,756,218,2,1,0,4,,,,,45.6509323,-122.5836334
rtc/185/0185T-200712PM.txt,NE Vancouver Mall Dr -- NE Fourth Plain Blvd / Vancouver  WA,x,12/6/2007,16:40-17:40,234,0,586,384,443,0,35,159,62,0,674,97,1,0,0,0,,,,,45.6575279,-122.5754547
rtc/185/0185T-200812PM.txt,NE Vancouver Mall Dr -- NE Fourth Plain Blvd / Vancouver  WA,x,12/3/2008,16:25-17:25,218,0,536,327,433,0,63,134,70,0,689,105,2,2,1,0,,,,,45.6575279,-122.5754547
rtc/186/0186T-200712PM.txt,NE 102nd Ave -- NE Fourth Plain Blvd / Vancouver   WA,x,12/4/2007,16:20-17:20,140,9,63,106,737,9,21,19,30,26,884,199,11,0,7,0,,,,,45.6618385,-122.5684814
rtc/206/0206T-200812PM.txt,NE Andresen Rd -- SR 500 Ramps / Vancouver  WA,x,12/3/2008,16:00-17:00,221,677,309,267,0,398,550,841,327,284,0,235,0,6,0,4,,,,,45.6486015,-122.6015015
rtc/211/0211T-200712PM.txt,NE 121st Ave -- NE Fourth Plain Blvd / Vancouver   WA,x,12/4/2007,16:15-17:15,134,146,184,180,1046,60,87,160,191,228,1557,163,0,0,0,0,,,,,45.6682320,-122.5488281
rtc/211/0211T-200811PM.txt,NE 121st Ave -- NE Fourth Plain Blvd / Vancouver  WA,x,11/19/2008,16:30-17:30,99,143,164,133,966,39,67,136,173,275,1640,104,1,2,0,0,,,,,45.6682320,-122.5488281
rtc/214/0214T-200712PM.txt,NE 137th Ave -- NE Fourth Plain Blvd / Vancouver   WA,x,12/4/2007,16:15-17:15,124,260,106,71,703,64,70,235,142,145,1173,174,0,0,1,0,,,,,45.6724815,-122.5316315
rtc/214/0214T-200811PM.txt,NE 137th Ave -- NE Fourth Plain Blvd / Vancouver  WA,x,11/19/2008,16:35-17:35,121,244,75,53,704,65,109,261,125,140,1224,137,17,1,1,0,,,,,45.6724815,-122.5316315
rtc/216/0216T-200712PM.txt,NE 147th Ave/NE Ward Rd -- NE Fourth Plain Blvd / Vancouver  WA,x,12/4/2007,16:20-17:20,122,6,112,91,575,6,4,4,9,5,858,398,0,0,0,0,,,,,45.6722946,-122.5212708
rtc/217/0217T-200712PM.txt,NE 162nd Ave -- NE Fourth Plain Blvd / Vancouver   WA,x,12/4/2007,16:25-17:25,39,533,88,106,222,111,113,717,321,421,359,184,0,2,0,5,,,,,45.6721725,-122.5059280
rtc/217/0217T-200811PM.txt,NE 162nd Ave -- NE Fourth Plain Blvd / Vancouver  WA,x,11/19/2008,16:35-17:35,67,459,72,91,201,104,124,675,275,320,335,230,0,2,2,4,,,,,45.6721725,-122.5059280
rtc/220/0220T-201105PM.txt,Dallas St -- 3rd Ave / Camas   OR,x,5/26/2011,16:50-17:50,31,83,62,78,176,29,36,131,67,83,362,19,1,10,13,14,0,0,0,0,45.5856781,-122.4026489
rtc/226/0226T-200712PM.txt,NE Andresen Rd -- NE 18th St / Vancouver  WA,x,12/11/2007,16:15-17:15,154,521,21,9,38,42,66,718,103,165,125,198,0,0,0,0,,,,,45.6366997,-122.6001129
rtc/226/0226T-200812PM.txt,NE Andresen Rd -- NE 18th St / Vancouver  WA,x,12/3/2008,16:25-17:25,117,521,35,14,136,83,178,657,107,157,207,141,2,2,5,3,,,,,45.6366997,-122.6001129
rtc/227/0227T-200712PM.txt,NE 112th Ave -- NE 18th St / Vancouver  WA,x,12/11/2007,16:30-17:30,77,507,296,208,62,129,245,694,14,14,103,82,0,1,0,3,,,,,45.6355209,-122.5579300
rtc/227/0227T-200812PM.txt,NE 112th Ave -- NE 18th St / Vancouver  WA,x,12/4/2008,16:35-17:35,66,485,296,216,81,155,253,651,11,13,106,64,0,0,0,1,,,,,45.6355209,-122.5579300
rtc/228/0228T-200712PM.txt,NE 138th Ave -- NE 18th St / Vancouver  WA,x,12/11/2007,16:30-17:30,37,364,148,134,268,178,285,544,129,102,356,58,0,1,1,0,,,,,45.6356621,-122.5306702
rtc/228/0228T-200812PM.txt,NE 138th Ave -- NE 18th St / Vancouver  WA,x,12/4/2008,16:40-17:40,57,436,167,153,316,161,330,621,158,85,380,74,3,2,3,3,,,,,45.6356621,-122.5306702
rtc/229/0229T-200712PM.txt,NE 162nd Ave -- NE 18th St / Vancouver  WA,x,12/11/2007,16:20-17:20,64,752,166,212,212,99,102,1055,164,141,223,179,11,3,0,5,,,,,45.6357040,-122.5061111
rtc/229/0229T-200812PM.txt,NE 162nd Ave -- NE 18th St / Vancouver  WA,x,12/4/2008,16:25-17:25,69,767,161,222,256,87,100,1009,173,163,232,160,7,6,5,0,,,,,45.6357040,-122.5061111
rtc/235/0235T-200712PM.txt,NE 112th Ave -- NE 28th St / Vancouver  WA,x,12/11/2007,16:35-17:35,83,538,357,250,283,180,265,454,266,207,435,109,0,0,3,4,,,,,45.6427650,-122.5579605
rtc/235/0235T-200812PM.txt,NE 112th Ave -- NE 28th St / Vancouver  WA,x,12/4/2008,16:40-17:40,90,507,312,234,306,165,229,465,245,233,454,117,1,2,4,6,,,,,45.6427650,-122.5579605
rtc/240/0240T-200712PM.txt,NE 138th Ave -- NE 28th St / Vancouver  WA,x,12/11/2007,16:05-17:05,59,303,64,64,288,103,184,355,214,201,373,109,10,1,0,4,,,,,45.6429443,-122.5306931
rtc/240/0240T-200812PM.txt,NE 138th Ave -- NE 28th St / Vancouver  WA,x,12/4/2008,16:35-17:35,62,400,92,65,250,129,213,450,171,201,331,137,5,0,4,5,,,,,45.6429443,-122.5306931
rtc/241/0241T-200712PM.txt,NE 162nd Ave -- NE 28th St / Vancouver  WA,x,12/11/2007,16:35-17:35,60,824,14,10,18,25,43,1202,184,217,50,117,4,5,1,3,,,,,45.6429176,-122.5060654
rtc/241/0241T-200812PM.txt,NE 162nd Ave -- NE 28th St / Vancouver  WA,x,12/4/2008,16:40-17:40,42,850,17,19,23,23,55,1122,192,213,52,95,0,4,0,1,,,,,45.6429176,-122.5060654
rtc/248/0248T-200712PM.txt,NE Andresen Rd -- NE 63rd St / Vancouver  WA,x,12/6/2007,16:30-17:30,65,622,25,35,99,85,53,735,370,226,209,140,0,1,0,0,,,,,45.6679497,-122.6021805
rtc/248/0248T-200812PM.txt,NE Andresen Rd -- NE 63rd St / Vancouver  WA,x,12/3/2008,16:25-17:25,50,569,27,34,131,71,68,683,323,206,257,118,1,4,0,1,,,,,45.6679497,-122.6021805
rtc/264/0264T-200712PM.txt,NE Andresen Rd -- NE 78th St / Vancouver  WA,x,12/6/2007,16:30-17:30,82,415,168,153,186,66,91,612,193,203,279,49,1,0,2,0,,,,,45.6788177,-122.6022415
rtc/264/0264T-200812PM.txt,NE Andresen Rd -- NE 78th St / Vancouver  WA,x,12/3/2008,16:25-17:25,64,615,151,151,267,48,82,424,188,123,178,53,1,1,0,0,,,,,45.6788177,-122.6022415
rtc/276/0276T-201107AM.txt,NW Lakeshore -- NW 99th St / Vancouver  WA,x,7/14/2011,07:20-08:20,2,378,95,47,2,56,23,73,2,2,1,0,1,0,1,0,0,2,0,0,45.6931343,-122.7021408
rtc/276/0276T-201107PM.txt,NW Lakeshore -- NW 99th St / Vancouver  WA,x,7/14/2011,16:45-17:45,2,192,111,155,2,29,65,400,4,6,3,2,0,1,0,1,0,2,0,2,45.6931343,-122.7021408
rtc/291/0291T-201301AM.txt,NE 94th Ave -- NE 99th St / Five Corners  WA,x,Wed  Jan 23 2013,07:15-08:15,0,201,0,0,0,0,0,85,11,54,0,1,0,0,0,0,0,0,0,0,45.6934586,-122.5757599
rtc/291/0291T-201301PM.txt,NE 94th Ave -- NE 99th St / Five Corners  WA,x,Wed  Jan 23 2013,16:40-17:40,0,151,0,0,0,0,0,238,64,33,0,1,0,0,0,0,0,0,0,0,45.6934586,-122.5757599
rtc/304/0304T-201106AM.txt,NE 50th Ave -- NE 119th St / Barberton  WA,x,6/28/2011,08:00-09:00,26,48,36,21,121,14,18,17,36,24,125,7,0,0,0,0,0,0,0,0,45.7076721,-122.6204834
rtc/304/0304T-201106PM.txt,NE 50th Ave -- NE 119th St / Barberton  WA,x,6/28/2011,17:00-18:00,30,52,45,49,256,30,24,60,75,51,205,38,0,0,0,0,0,1,0,1,45.7076721,-122.6204834
rtc/310/0310T-201210PM.txt,NE Delfel Rd -- NE 179th St / Vancouver  WA,x,Tue  Oct 23 2012,16:00-17:00,9,0,95,156,199,0,0,0,0,0,522,13,0,0,0,0,0,0,0,0,45.7504539,-122.6641617
rtc/32/0032T-201210AM.txt,NE 10th Ave -- NE 139th St / Vancouver  WA,x,Wed  Oct 24 2012,07:00-08:00,70,469,0,0,0,13,16,152,8,27,2,34,0,2,3,2,0,0,0,0,45.7218323,-122.6616211
rtc/32/0032T-201210PM.txt,NE 10th Ave -- NE 139th St / Vancouver  WA,x,Tue  Oct 23 2012,16:40-17:40,72,314,0,0,1,11,8,427,40,69,2,105,0,3,5,9,0,1,0,0,45.7218323,-122.6616211
rtc/341/0341T-201210PM.txt,NW 11th St -- NW 179th St / Vancouver  WA,x,Wed  Oct 24 2012,16:40-17:40,1,10,4,18,94,36,23,16,8,3,68,5,0,0,0,0,0,0,0,0,45.7506218,-122.6822128
rtc/347/0347T-200712PM.txt,SE 164th Ave -- SE 29th St/Village Lp / Vacouver  WA,x,12/4/2007,16:35-17:35,33,1239,63,56,17,42,42,1421,48,52,19,80,0,0,2,3,,,,,45.6002388,-122.5038681
rtc/347/0347T-200812PM.txt,SE 164th Ave -- SE 29th St/Village Lp / Vancouver  WA,x,12/2/2008,16:30-17:30,40,1194,25,31,22,40,41,1437,66,35,39,83,0,0,1,2,,,,,45.6002388,-122.5038681
rtc/350/0350T-200712PM.txt,SE 164th Ave -- SE 1st St / Vancouver  WA,x,12/11/2007,16:55-17:55,48,620,177,151,126,119,159,1146,147,81,104,137,0,0,0,0,,,,,45.6211815,-122.5042419
rtc/350/0350T-200812PM.txt,SE 164th Ave -- SE 1st St / Vancouver  WA,x,12/4/2008,16:30-17:30,59,778,176,168,138,173,154,1124,164,99,99,126,1,0,1,3,,,,,45.6211815,-122.5042419
rtc/364/0364T-200712PM.txt,NE 65th Ave -- NE Fourth Plain Blvd / Vancouver  WA,x,12/6/2007,16:05-17:05,0,0,0,0,768,81,235,0,95,43,913,0,6,0,5,0,,,,,45.6440926,-122.6049728
rtc/364/0364T-200812PM.txt,NE 65th St -- NE Fourth Plain Blvd / Vancouver  WA,x,12/3/2008,16:05-17:05,30,15,99,67,711,113,256,12,87,60,775,15,7,4,2,9,,,,,45.6440926,-122.6049728
rtc/365/0365T-201107AM.txt,NE 94th Ave -- NE Padden Pkwy / Vancouver  WA,x,7/12/2011,07:05-08:05,234,141,48,31,960,50,33,56,138,69,424,45,0,0,2,0,0,0,0,0,45.6823082,-122.5759964
rtc/365/0365T-201107PM.txt,NE 94th Ave -- NE Padden Pkwy / Vancouver  WA,x,7/12/2011,16:45-17:45,136,163,89,115,741,77,94,259,141,182,968,237,0,1,12,7,0,1,0,2,45.6823082,-122.5759964
rtc/366/0366T-201210PM.txt,NE 10th Ave -- NE 134th St / Vancouver  WA,x,Tue  Oct 23 2012,16:40-17:40,22,0,644,461,1106,1,0,0,0,0,720,18,3,1,0,5,0,0,0,0,45.7186737,-122.6605911
rtc/37/0037T-200712PM.txt,NE Andersen Rd -- NE 40th St / Vancouver  WA,x,12/6/2007,16:20-17:20,33,616,30,50,76,294,272,849,232,230,57,48,5,5,1,4,,,,,45.6507988,-122.6019440
rtc/37/0037T-200812PM.txt,NE Andresen Rd -- NE 40th St / Vancouver  WA,x,12/3/2008,16:20-17:20,54,642,30,37,56,354,296,825,224,221,42,44,2,3,7,3,,,,,45.6507988,-122.6019440
rtc/370/0370T-201210PM.txt,NE 20th Ave -- NE 134th St / Vancouver  WA,x,Tue  Oct 23 2012,16:55-17:55,346,242,194,135,858,411,330,227,461,150,727,311,0,1,0,1,0,0,0,1,45.7182159,-122.6513443
rtc/374/0374T-200712PM.txt,NE 137th Ave -- NE 49th St / Vancouver  WA,x,12/11/2007,16:40-17:40,19,277,96,61,62,20,22,315,53,76,103,15,0,0,0,0,,,,,45.6573143,-122.5319443
rtc/374/0374T-200812PM.txt,NE 137th Ave -- NE 49th St / Vancouver  WA,x,12/4/2008,16:30-17:30,55,406,59,65,97,19,67,424,93,215,160,30,0,0,0,0,,,,,45.6573143,-122.5319443
rtc/377/0377T-200712PM.txt,NE 112th Ave -- NE 39th St / Vancouver  WA,x,12/11/2007,16:35-17:35,154,830,71,113,10,82,46,769,20,37,4,150,1,1,0,3,,,,,45.6505394,-122.5582352
rtc/377/0377T-200901PM.txt,NE 112th Ave -- NE 39th St / Vancouver  WA,x,1/6/2009,16:35-17:35,142,772,56,100,6,65,28,762,18,21,2,150,1,0,0,0,,,,,45.6505394,-122.5582352
rtc/378/0378T-200712PM.txt,NE 138th Ave -- NE 39th St / Vancouver  WA,x,12/11/2007,16:00-17:00,21,277,45,60,78,47,94,372,42,69,132,24,4,0,0,0,,,,,45.6501808,-122.5319672
rtc/378/0378T-200812PM.txt,NE 138th Ave -- NE 39th St / Vancouver  WA,x,12/4/2008,16:35-17:35,22,443,125,92,110,51,104,501,42,53,145,22,0,0,1,1,,,,,45.6501808,-122.5319672
rtc/38/0038T-200712PM.txt,NE Andresen Rd -- NE Vancouver Mall Dr / Vancouver  WA,x,12/6/2007,16:30-17:30,0,557,360,418,0,137,227,725,0,0,0,0,0,1,0,0,,,,,45.6576805,-122.6020813
rtc/38/0038T-200812PM.txt,NE Andresen Rd -- NE Vancouver Mall Dr / Vancouver  WA,x,12/3/2008,16:20-17:20,0,541,263,364,0,165,205,674,0,0,0,0,0,0,5,0,,,,,45.6576805,-122.6020813
rtc/389/0389T-200712PM.txt,NE 78th Ave -- NE Fourth Plain Blvd / Vancouver  WA,x,12/6/2007,16:25-17:25,308,19,171,151,381,31,24,23,34,24,590,350,8,15,17,5,,,,,45.6467628,-122.5934296
rtc/389/0389T-200812PM.txt,NE 78th Ave -- NE Fourth Plain Blvd / Vancouver  WA,x,12/3/2008,16:00-17:00,194,19,90,64,405,31,19,8,26,27,564,199,4,7,9,0,,,,,45.6467628,-122.5934296
rtc/39/0039T-200712PM.txt,NE Andresen Rd -- NE 58th St / Vancouver  WA,x,12/6/2007,16:30-17:30,129,828,80,66,56,21,40,1003,100,68,48,94,4,3,0,0,,,,,45.6643028,-122.6021729
rtc/39/0039T-200812PM.txt,NE Andresen Rd -- NE 58th St / Vancouver  WA,x,12/3/2008,16:20-17:20,135,688,57,37,57,24,31,928,82,67,50,94,0,2,0,2,,,,,45.6643028,-122.6021729
rtc/412/0412T-200712PM.txt,117th Ave -- SE Mill Plain Blvd / Vancouver  WA,x,12/5/2007,17:00-18:00,63,67,78,70,1415,63,105,62,44,42,1704,70,1,2,7,3,,,,,45.6207275,-122.5520172
rtc/412/0412T-200811PM.txt,117th Ave -- SE Mill Plain Blvd / Vancouver  WA,x,11/20/2008,16:35-17:35,51,50,67,68,1505,86,106,56,56,54,1746,77,4,1,1,2,,,,,45.6207275,-122.5520172
rtc/413/0413T-200712PM.txt,120th Ave -- SE Mill Plain Blvd / Vancouver  WA,x,12/5/2007,17:00-18:00,22,10,28,29,1513,52,43,18,38,48,1844,27,0,0,0,5,,,,,45.6204529,-122.5494537
rtc/413/0413T-200811PM.txt,120th Ave -- SE Mill Plain Blvd / Vancouver  WA,x,11/20/2008,16:00-17:00,28,4,38,33,1505,44,44,10,47,51,1849,36,0,1,1,2,,,,,45.6204529,-122.5494537
rtc/414/0414T-200712PM.txt,123rd/124th Ave -- SE Mill Plain Blvd / Vancouver  WA,x,12/5/2007,17:00-18:00,33,7,37,29,1466,39,39,21,64,50,1821,58,1,2,0,4,,,,,45.6199646,-122.5449753
rtc/415/0415T-200712PM.txt,131st Ave -- SE Mill Plain Blvd / Vancouver  WA,x,12/5/2007,16:25-17:25,105,19,110,74,1156,76,74,20,140,100,1678,52,4,0,0,0,,,,,45.6192169,-122.5379868
rtc/415/0415T-200811PM.txt,131st Ave -- SE Mill Plain Blvd / Vancouver  WA,x,11/20/2008,16:15-17:15,91,27,120,52,1187,72,62,23,142,92,1685,66,0,3,2,5,,,,,45.6192169,-122.5379868
rtc/418/0418T-200712PM.txt,SE 164th Ave -- SE 20th St/Village Lp / Vancouver   WA,x,12/4/2007,16:35-17:35,53,1118,244,192,93,114,126,1268,20,0,18,122,0,0,1,67,,,,,45.6066704,-122.5039597
rtc/418/0418T-200812PM.txt,SE 164th Ave -- SE 20th St/Village Lp / Vancouver  WA,x,12/2/2008,16:25-17:25,55,1088,231,190,96,85,86,1291,15,15,93,89,3,1,9,0,,,,,45.6066704,-122.5039597
rtc/419/0419T-200712PM.txt,NE Andresen Rd -- NE 25th St / Vancouver  WA,x,12/6/2007,16:05-17:05,1,660,229,225,9,203,202,854,2,6,6,12,0,1,0,0,,,,,45.6406708,-122.6005096
rtc/419/0419T-200812PM.txt,NE Andresen Rd -- NE 25th St / Vancouver  WA,x,12/3/2008,16:25-17:25,5,746,189,213,1,97,33,940,4,4,1,14,15,1,0,5,,,,,45.6406708,-122.6005096
rtc/425/0425T-201210PM.txt,NW 11th Ave -- NW 139th St / Vancouver  WA,x,Tue  Oct 23 2012,16:35-17:35,11,0,33,27,592,80,36,0,7,6,446,14,3,0,1,0,0,0,0,0,45.7217178,-122.6822815
rtc/444/0444T-201106PM.txt,192nd Ave -- 13th St / Camas  WA,x,6/1/2011,16:50-17:50,0,314,130,123,0,151,233,509,0,0,0,0,0,1,0,0,0,0,0,0,45.6322403,-122.4758987
rtc/446/0446T-200712PM.txt,NE 162nd Ave -- NE Poplar St/ NE 49th St / Vancouver  WA,x,12/11/2007,16:25-17:25,110,840,19,15,5,7,16,1209,86,63,3,56,0,2,0,1,,,,,45.6551285,-122.5060272
rtc/45/0045T-200712PM.txt,NE 112th Ave -- NE 9th St / Vancouver  WA,x,12/11/2007,16:20-17:20,39,594,48,65,58,51,47,813,48,51,83,53,0,0,0,1,,,,,45.6282654,-122.5577240
rtc/45/0045T-200812PM.txt,NE 112th Ave -- NE 9th St / Vancouver  WA,x,12/4/2008,16:35-17:35,40,580,58,47,51,75,50,814,51,60,68,57,1,0,0,1,,,,,45.6282654,-122.5577240
rtc/454/0454T-201105PM.txt,192nd Ave -- Brady Rd / Camas   OR,x,5/26/2011,16:50-17:50,0,764,49,35,1,281,419,862,6,11,2,8,0,0,0,0,0,0,0,0,45.5868683,-122.4732513
rtc/457/0457T-201105PM.txt,Payne Rd -- Pacific Rim Blvd / Camas  OR,x,5/19/2011,16:50-17:50,6,2,0,0,320,15,15,0,133,211,288,10,5,0,4,0,2,0,5,0,45.5967255,-122.4702072
rtc/458/0458T-201105PM.txt,Brady Rd -- McIntosh Rd / Camas  OR,x,5/19/2011,16:50-17:50,0,212,4,7,0,76,117,333,0,0,0,0,0,0,0,0,0,0,0,0,45.5863037,-122.4584427
rtc/459/0459T-201105PM.txt,Brady Rd -- 16th Ave / Camas  OR,x,5/19/2011,16:50-17:50,18,108,108,80,75,91,157,154,21,16,102,18,0,3,14,0,0,0,0,0,45.5906715,-122.4526901
rtc/46/0046T-200712PM.txt,NE 112th Ave -- NE 49th St / Vancouver  WA,x,12/11/2007,16:40-17:40,0,1063,357,232,0,56,62,979,0,0,0,0,9,0,0,0,,,,,45.6572037,-122.5579758
rtc/46/0046T-200812PM.txt,NE 112th Ave -- NE 49th St / Vancouver  WA,x,12/4/2008,16:25-17:25,0,957,617,398,0,86,119,983,0,0,0,0,2,2,9,0,,,,,45.6572037,-122.5579758
rtc/460/0460T-201105PM.txt,Parker St -- Pacific Rim Blvd / Camas  OR,x,5/19/2011,16:50-17:50,122,171,14,7,29,19,26,194,27,55,62,191,3,0,0,0,0,0,0,0,45.5999565,-122.4505081
rtc/461/0461T-201105PM.txt,Parker St -- Lake Rd / Camas  OR,x,5/19/2011,16:50-17:50,30,14,5,6,283,38,56,14,157,197,415,28,1,0,0,0,3,0,5,1,45.6214104,-122.4473495
rtc/463/0463T-200712PM.txt,126th Ave -- SE Mill Plain Blvd / Vancouver  WA,x,12/5/2007,17:00-18:00,158,7,42,71,1295,54,52,10,68,59,1675,156,3,2,3,2,,,,,45.6197395,-122.5428619
rtc/463/0463T-200811PM.txt,126th Ave -- SE Mill Plain Blvd / Vancouver  WA,x,11/20/2008,16:35-17:35,183,13,37,51,1359,33,48,10,71,53,1722,144,1,1,1,0,,,,,45.6197395,-122.5428619
rtc/473/0473T-201105PM.txt,Lechner -- 3rd Ave / Camas  WA,x,5/26/2011,16:50-17:50,39,29,21,20,239,59,78,47,71,72,322,53,5,4,0,6,0,0,0,0,45.5836563,-122.3681564
rtc/475/0475T-201210PM.txt,NE 20th Ave -- NE 139th St / Vancouver  WA,x,Tue  Oct 23 2012,16:35-17:35,1,588,55,146,7,155,83,585,17,50,3,0,4,2,0,1,0,0,0,1,45.7218628,-122.6513443
rtc/487/0487T-200712PM.txt,SE 164th Ave -- SE 12th St / Vancouver   WA,x,12/4/2007,16:25-17:25,93,1087,85,52,104,184,62,1453,91,87,45,82,0,0,0,2,,,,,45.6121407,-122.5041656
rtc/487/0487T-200812PM.txt,SE 164th Ave -- SE 12th St / Vancouver  WA,x,12/2/2008,16:25-17:25,98,1004,85,98,87,162,68,1381,99,100,49,116,5,3,3,3,,,,,45.6121407,-122.5041656
rtc/488/0488T-200712PM.txt,NE Spokane Way -- NE Fourth Plain Blvd / Vancouver  WA,x,12/6/2007,16:40-17:40,4,0,24,28,516,4,2,3,1,3,768,86,3,0,0,0,,,,,45.6542854,-122.5789719
rtc/488/0488T-200812PM.txt,NE Spokane Way -- NE Fourth Plain Blvd / Vancouver  WA,x,12/3/2008,16:20-17:20,5,0,14,200,526,2,5,3,3,7,774,68,1,2,0,0,,,,,45.6542854,-122.5789719
rtc/489/0489T-200712PM.txt,NE 112th Ave -- NE 51st St / Vancouver  WA,x,12/11/2007,16:30-17:30,48,1327,147,6,2,30,45,1228,11,28,4,191,0,4,1,0,,,,,45.6589966,-122.5579758
rtc/489/0489T-200812PM.txt,NE 112th Ave -- NE 51st St / Vancouver  WA,x,12/4/2008,16:35-17:35,81,1473,159,1,1,27,36,1323,12,46,5,135,1,9,0,1,,,,,45.6589966,-122.5579758
rtc/490/0490T-200712PM.txt,SE 160th Ave -- SE Mill Plain Blvd / Vancouver   WA,x,12/4/2007,16:40-17:40,143,68,40,53,853,83,103,70,208,270,1001,129,5,1,0,10,,,,,45.6158447,-122.5075912
rtc/490/0490T-200812PM.txt,SE 160th Ave -- SE Mill Plain Blvd / Vancouver  WA,x,12/2/2008,16:25-17:25,103,49,43,35,801,75,103,62,230,255,996,118,6,0,1,2,,,,,45.6158447,-122.5075912
rtc/506/0506T-201301AM.txt,NE 94th Ave -- NE 88th St / Five Corners  WA,x,Wed  Jan 23 2013,07:15-08:15,12,338,0,0,0,0,0,140,33,82,0,10,0,0,0,1,0,0,0,0,45.6859627,-122.5759125
rtc/506/0506T-201301PM.txt,NE 94th Ave -- NE 88th St / Five Corners  WA,x,Wed  Jan 23 2013,16:30-17:30,12,275,0,0,0,0,0,383,97,58,0,28,0,0,0,4,0,1,0,0,45.6859627,-122.5759125
rtc/508/0508T-201107AM.txt,NE 20th Ave -- NE 144th St / Vancouver  WA,x,7/12/2011,07:30-08:30,39,261,10,8,10,50,23,110,93,23,1,9,0,1,0,2,0,0,0,0,45.7254639,-122.6513519
rtc/508/0508T-201107PM.txt,NE 20th Ave -- NE 144th St / Vancouver  WA,x,7/12/2011,16:30-17:30,21,288,4,6,7,37,45,413,74,110,9,31,1,0,0,7,0,0,0,0,45.7254639,-122.6513519
rtc/512/0512T-200812PM.txt,NE 137th Ave -- NE 59th St / Vancouver  WA,x,12/4/2008,16:05-17:05,7,520,0,0,0,0,0,479,29,28,0,11,0,0,0,3,,,,,45.6655350,-122.5317612
rtc/521/0521T-200712PM.txt,NE 137th Ave -- NE 59th St / Vancouver  WA,x,12/11/2007,16:35-17:35,19,400,0,0,0,0,0,411,18,19,0,15,0,0,0,0,,,,,45.6843719,-122.5759048
rtc/521/0521T-201301AM.txt,NE 94th Ave -- NE 86th St / Five Corners  WA,x,Wed  Jan 23 2013,07:10-08:10,4,424,0,9,1,74,22,153,25,57,1,2,0,0,1,0,0,0,0,0,45.6843719,-122.5759048
rtc/521/0521T-201301PMT.txt,NE 94th Ave -- NE 86th St / Five Corners  WA,x,Wed  Jan 23 2013,16:40-17:40,4,321,7,2,1,45,67,478,61,41,1,6,0,0,0,0,0,1,0,0,45.6843719,-122.5759048
rtc/529/0529T-201105PM.txt,Division St -- 6th Ave / Camas  OR,x,5/19/2011,16:50-17:50,66,0,25,33,504,0,0,0,0,0,712,121,0,0,0,0,0,0,2,0,45.5857048,-122.4078979
rtc/531/0531T-201106PM.txt,2nd Ave/4th St -- Evergreen Hwy/3rd Ave/E St / Camas  WA,x,6/1/2011,16:50-17:50,15,7,12,13,363,44,66,7,59,61,546,22,7,1,3,1,0,0,0,0,45.5862617,-122.3708954
rtc/532/0532T-201105PM.txt,Ivy St -- 6th Ave / Camas  OR,x,5/19/2011,16:50-17:50,27,3,8,15,507,0,1,0,6,11,807,45,6,0,2,7,0,0,0,0,45.5835915,-122.4202576
rtc/535/0535T-201105PM.txt,Friberg St -- Goodwin Rd / Camas  OR,x,5/19/2011,16:50-17:50,4,8,1,6,256,39,67,8,62,40,296,0,0,0,0,0,1,1,4,0,45.6323051,-122.4656448
rtc/550/0550T-201107AM.txt,NW 36th Ave -- NW McCann Rd / Vancouver  WA,x,7/14/2011,07:30-08:30,19,141,1,0,0,2,0,129,18,78,1,57,0,1,1,0,0,1,0,0,45.7165298,-122.7080154
rtc/550/0550T-201107PM.txt,NW 36th Ave -- NW McCann Rd / Vancouver  WA,x,7/14/2011,17:00-18:00,59,267,1,3,0,3,8,272,84,73,0,54,0,5,0,0,0,3,0,3,45.7165298,-122.7080154
rtc/570/0570T-200712PM.txt,I-205 NB Ramps -- SE Mill Plain Blvd / Vancouver  WA,x,12/5/2007,16:05-17:05,450,0,0,702,1371,0,1417,0,0,0,1426,327,0,0,0,0,,,,,45.6210098,-122.5572662
rtc/570/0570T-200901PM.txt,I-205 NB Ramps -- SE Mill Plain Blvd / Vancouver  WA,x,1/6/2009,16:15-17:15,423,0,0,786,1358,0,1502,0,0,0,1388,358,0,0,1,0,,,,,45.6210098,-122.5572662
rtc/571/0571T-200712PM.txt,I-205 SB Ramps -- SE Mill Plain Blvd / Vancouver  WA,x,12/5/2007,16:55-17:55,417,0,768,787,1046,0,0,0,0,364,954,0,0,0,0,0,,,,,45.6209984,-122.5615463
rtc/571/0571T-200901PM.txt,I-205 SB Ramps -- SE Mill Plain Blvd / Vancouver  WA,x,1/6/2009,16:15-17:15,333,0,728,821,960,0,0,0,0,0,1017,332,3,0,0,0,,,,,45.6209984,-122.5615463
rtc/584/0584T-201105PM.txt,Garfield St -- 3rd Ave / Camas   OR,x,5/26/2011,16:50-17:50,97,0,225,166,240,0,0,0,0,0,377,68,1,6,0,3,0,0,0,0,45.5870018,-122.4001007
rtc/587/0587T-200712PM.txt,NE 162nd Ave -- NE 65th Ave / Vancouver   WA,x,12/4/2007,16:40-17:40,6,909,29,24,4,17,19,1135,117,91,19,82,0,0,0,0,,,,,45.6698227,-122.5059280
rtc/587/0587T-200811PM.txt,NE 162nd Ave -- NE 65th Ave / Vancouver  WA,x,11/19/2008,16:35-17:35,6,752,34,23,11,9,19,952,134,115,24,95,6,0,0,0,,,,,45.6698227,-122.5059280
rtc/588/0588T-200712PM.txt,NE 131st Ave -- NE Fourth Plain Blvd / Vancouver   WA,x,12/4/2007,16:20-17:20,53,17,19,31,959,5,1,20,28,54,1692,118,0,0,1,1,,,,,45.6709404,-122.5379562
rtc/588/0588T-200811PM.txt,NE 131st Ave -- NE Fourth Plain Blvd / Vancouver  WA,x,11/19/2008,16:30-17:30,49,27,15,30,927,33,43,32,84,61,1618,100,0,1,0,1,,,,,45.6709404,-122.5379562
rtc/589/0589T-200712PM.txt,NE 143rd Ave -- NE Fourth Plain Blvd / Vancouver   WA,x,12/4/2007,16:20-17:20,42,0,13,26,756,0,1,0,0,1,1279,72,0,0,0,0,,,,,45.6725349,-122.5251312
rtc/589/0589T-200811PM.txt,NE 143rd Ave -- NE Fourth Plain Blvd / Vancouver  WA,x,11/19/2008,16:35-17:35,43,0,16,28,737,0,0,0,0,5,1322,85,0,0,0,0,,,,,45.6725349,-122.5251312
rtc/590/0590T-200712PM.txt,SE 155th Ave -- SE Mill Plain Blvd / Vancouver   WA,x,12/4/2007,16:05-17:05,110,0,57,77,1138,0,0,0,0,0,1298,185,0,2,0,7,,,,,45.6166687,-122.5146103
rtc/590/0590T-200812PM.txt,SE 155th Ave -- SE Mill Plain Blvd / Vancouver  WA,x,12/2/2008,16:25-17:25,98,0,39,58,1067,0,0,0,0,0,1397,179,0,2,0,0,,,,,45.6166687,-122.5146103
rtc/591/0591T-200712PM.txt,SE 168th Ave -- SE Mill Plain Blvd / Vancouver   WA,x,12/4/2007,16:10-17:10,64,5,11,20,505,107,35,5,181,57,610,104,0,5,1,0,,,,,45.6166229,-122.4989166
rtc/591/0591T-200812PM.txt,SE 168th Ave -- SE Mill Plain Blvd / Vancouver  WA,x,12/2/2008,16:20-17:20,36,4,134,69,643,94,52,3,12,24,559,67,2,0,0,4,,,,,45.6166229,-122.4989166
rtc/592/0592T-200712PM.txt,SE 164th Ave -- SE 6th St / Vancouver   WA,x,12/4/2007,16:45-17:45,46,1007,32,0,0,0,0,1353,15,17,0,124,1,0,1,0,,,,,45.6176872,-122.5042419
rtc/592/0592T-200812PM.txt,SE 164th Ave -- SE 6th St / Vancouver  WA,x,12/2/2008,16:15-17:15,57,951,12,0,0,0,0,1399,15,5,0,118,2,1,3,0,,,,,45.6176872,-122.5042419
rtc/593/0593T-200712PM.txt,SE 164th Ave -- SR-14 Interchange EB Ramp / Vacouver  WA,x,12/4/2007,16:50-17:50,0,102,335,0,0,0,40,141,0,40,0,1553,0,3,1,0,,,,,45.5911217,-122.5038452
rtc/593/0593T-200812PM.txt,SE 164th Ave -- SR 14 EB Ramp / Vancouver  WA,x,12/2/2008,16:25-17:25,0,112,303,0,0,0,23,132,0,56,0,1515,0,0,0,0,,,,,45.5911217,-122.5038452
rtc/594/0594T-200712PM.txt,SE 164th Ave -- SR-14 Interchange WB / Vacouver  WA,x,12/4/2007,16:30-17:30,1348,433,0,256,0,11,0,1635,58,0,0,0,0,0,0,0,,,,,45.5921364,-122.5038376
rtc/594/0594T-200812PM.txt,SE 164th Ave -- SR 14 WB Ramps / Vancouver  WA,x,12/2/2008,16:45-17:45,1309,383,0,266,0,13,0,1579,42,0,0,0,0,0,0,0,,,,,45.5921364,-122.5038376
rtc/595/0595T-200712PM.txt,90th Ave -- SE Mill Plain Blvd / Vancouver  WA,x,12/5/2007,16:40-17:40,107,0,75,40,832,0,3,0,0,8,1007,60,1,0,3,2,,,,,45.6225281,-122.5803070
rtc/595/0595T-200811PM.txt,90th Ave -- SE Mill Plain Blvd / Vancouver  WA,x,11/20/2008,16:30-17:30,72,0,66,42,794,1,2,0,1,3,901,59,2,0,0,1,,,,,45.6225281,-122.5803070
rtc/596/0596T-200712PM.txt,92nd Ave -- SE Mill Plain Blvd / Vancouver  WA,x,12/5/2007,16:10-17:10,102,11,145,78,777,15,8,4,13,8,929,91,2,0,1,0,,,,,45.6221161,-122.5784302
rtc/596/0596T-200811PM.txt,92nd Ave -- SE Mill Plain Blvd / Vancouver  WA,x,11/20/2008,16:00-17:00,83,9,155,105,759,20,8,15,15,8,865,77,2,0,1,0,,,,,45.6221161,-122.5784302
rtc/597/0597T-200712PM.txt,NE Andresen Rd -- SR 500 EB Ramps / Vancouver  WA,x,12/6/2007,16:05-17:05,0,1007,315,0,0,0,506,1145,0,255,0,216,0,0,0,3,,,,,45.6482086,-122.6014099
rtc/598/0598T-200712PM.txt,NE Andresen Rd -- SR 500 WB Ramps / Vancouver  WA,x,12/6/2007,16:20-17:20,222,943,0,273,0,335,0,1100,300,0,0,0,0,11,0,5,,,,,45.6489258,-122.6016083
rtc/599/0599T-200712PM.txt,NE Kyocera / NE 57th Ave -- NE Fourth Plain Blvd / Vancouver  WA,x,12/6/2007,16:15-17:15,87,0,74,84,641,11,15,0,8,1,741,106,18,1,2,17,,,,,45.6419792,-122.6136093
rtc/599/0599T-200812PM.txt,NE Kyocera/NE 57th Ave -- NE Fourth Plain Blvd / Vancouver  WA,x,12/3/2008,16:10-17:10,109,0,80,71,651,8,14,0,5,3,750,124,14,0,1,10,,,,,45.6419792,-122.6136093
rtc/600/0600T-200712PM.txt,NE 62nd Ave -- NE Fourth Plain Blvd / Vancouver  WA,x,12/6/2007,16:05-17:05,84,0,203,191,670,1,0,0,0,0,756,101,9,0,9,17,,,,,45.6432724,-122.6086578
rtc/600/0600T-200812PM.txt,NE 62nd Ave -- NE Fourth Plain Blvd / Vancouver  WA,x,12/3/2008,16:10-17:10,80,0,111,126,663,0,0,0,0,0,770,81,0,0,0,1,,,,,45.6432724,-122.6086578
rtc/601/0601T-200712PM.txt,NE 162nd Ave -- NE 11th St / Vancouver  WA,x,12/11/2007,16:35-17:35,15,970,10,4,0,7,16,1340,20,12,1,10,1,1,1,0,,,,,45.6299171,-122.5060577
rtc/601/0601T-200812PM.txt,NE 162nd Ave -- NE 11th St / Vancouver  WA,x,12/4/2008,16:35-17:35,20,991,24,8,1,12,12,1324,16,18,0,9,1,6,3,0,,,,,45.6299171,-122.5060577
rtc/602/0602T-200712PM.txt,NE 162nd Ave -- NE 23rd St / Vancouver  WA,x,12/11/2007,16:15-17:15,11,1018,17,25,1,25,45,1392,7,9,1,10,0,7,5,6,,,,,45.6394234,-122.5060959
rtc/602/0602T-200812PM.txt,NE 162nd Ave -- NE 23rd St / Vancouver  WA,x,12/4/2008,16:25-17:25,16,1038,13,28,4,23,32,1357,13,12,1,6,0,0,1,3,,,,,45.6394234,-122.5060959
rtc/603/0603T-200712PM.txt,NE 136th Ave -- NE 4th St / Vancouver  WA,x,12/11/2007,16:05-17:05,46,620,24,47,6,44,57,907,19,20,6,93,3,3,0,5,,,,,45.6232300,-122.5345993
rtc/603/0603T-200812PM.txt,NE 136th Ave -- NE 4th St / Vancouver  WA,x,12/4/2008,16:20-17:20,70,689,27,36,5,36,33,862,23,32,9,113,1,1,1,0,,,,,45.6232300,-122.5345993
rtc/604/0604T-200712PM.txt,NE 136th Ave -- NE 9th St / Vancouver  WA,x,12/11/2007,16:10-17:10,36,543,2,13,26,92,178,757,68,60,25,38,0,1,3,1,,,,,45.6283951,-122.5346146
rtc/604/0604T-200812PM.txt,NE 136th Ave -- NE 9th St / Vancouver  WA,x,12/4/2008,16:40-17:40,54,597,6,12,17,105,133,788,58,75,25,55,3,1,2,4,,,,,45.6283951,-122.5346146
rtc/605/0605T-200712PM.txt,NE 136th Ave -- NE C-Tran Transit Center / Vancouver  WA,x,12/11/2007,16:30-17:30,7,652,0,0,0,0,0,974,4,10,0,19,0,0,0,2,,,,,45.6326981,-122.5340576
rtc/605/0605T-200812PM.txt,NE 136th Ave -- NE C / Vancouver  WA,x,12/4/2008,16:40-17:40,10,682,0,0,0,0,0,1083,2,5,0,49,0,0,1,3,,,,,45.6326981,-122.5340576
rtc/606/0606T-200712PM.txt,NE 138th Ave -- School Access Signal/ NE 22nd St / Vancouver  WA,x,12/11/2007,16:25-17:25,2,565,38,58,0,21,10,735,9,5,0,2,3,4,0,4,,,,,45.6386490,-122.5306625
rtc/607/0607T-200712PM.txt,NE Four Seasons Ln -- NE 18th St / Vancouver  WA,x,12/11/2007,16:40-17:40,9,0,25,23,399,0,0,0,0,0,644,12,0,0,0,0,,,,,45.6355400,-122.5547104
rtc/607/0607T-200812PM.txt,NE Four Seasons Ln -- NE 18th St / Vancouver  WA,x,12/4/2008,16:40-17:40,0,0,0,0,653,24,15,0,46,26,451,0,0,0,0,0,,,,,45.6355400,-122.5547104
rtc/608/0608T-200712PM.txt,NE 141st Ave -- NE 18th St / Vancouver  WA,x,12/11/2007,16:40-17:40,47,11,34,17,437,18,10,15,91,90,621,64,0,2,2,1,,,,,45.6356583,-122.5277252
rtc/608/0608T-200812PM.txt,NE 141st Ave -- NE 18th St / Vancouver  WA,x,12/4/2008,16:40-17:40,66,15,21,18,474,14,14,15,89,84,660,78,0,7,0,11,,,,,45.6356583,-122.5277252
rtc/609/0609T-200711PM.txt,SE 190th Ave -- SE Mill Plain Blvd / Vancouver  WA,x,11/29/2007,16:00-17:00,70,0,67,45,318,5,7,1,1,0,323,182,4,1,0,0,,,,,45.6169434,-122.4772873
rtc/609/0609T-200811PM.txt,SE 190th Ave -- SE Mill Plain Blvd / Vancouver  WA,x,11/19/2008,16:10-17:10,68,12,79,42,276,31,31,26,70,36,397,162,3,1,1,5,,,,,45.6169434,-122.4772873
rtc/61/0061T-200712PM.txt,SE 164th Ave -- SE 34th Ave / Vacouver  WA,x,12/4/2007,16:50-17:50,53,1131,87,137,130,327,346,1323,201,277,130,113,0,0,0,4,,,,,45.5967331,-122.5039139
rtc/61/0061T-200812PM.txt,SE 164th Ave -- SE 34th Ave / Vancouver  WA,x,12/2/2008,16:40-17:40,47,1075,99,127,108,361,337,1312,226,257,111,93,5,0,0,0,,,,,45.5967331,-122.5039139
rtc/610/0610T-200812PM.txt,SE 172nd Ave -- SE Mill Plain Blvd / Vancouver  WA,x,12/4/2008,16:30-17:30,138,110,40,67,469,63,77,178,36,29,511,144,0,0,0,0,,,,,45.6171608,-122.4956131
rtc/613/0613T-201210PM.txt,NE 15th Ave -- NE 179th St / Vancouver  WA,x,Tue  Oct 23 2012,16:35-17:35,0,0,0,0,169,35,85,0,153,84,215,0,0,0,1,0,0,0,0,0,45.7507248,-122.6556931
rtc/62/0062T-200712PM.txt,NE 162nd Ave -- NE 39th St / Vancouver  WA,x,12/11/2007,16:35-17:35,29,779,103,179,76,38,63,1075,78,66,55,34,0,0,0,0,,,,,45.6503296,-122.5060349
rtc/62/0062T-200812PM.txt,NE 162nd Ave -- NE 39th St / Vancouver  WA,x,12/4/2008,16:40-17:40,22,748,109,172,85,52,47,1005,117,88,69,20,1,0,0,0,,,,,45.6503296,-122.5060349
rtc/631/0631T-201105PM.txt,Lake Rd -- Payne St/218th Ave / Camas   OR,x,5/26/2011,16:50-17:50,8,0,61,32,355,1,0,0,0,0,528,6,0,0,0,0,0,0,1,0,45.6213951,-122.4514465
rtc/632/0632T-201105PM.txt,Everett (SR 500) -- 14th Ave / Camas   OR,x,5/26/2011,16:50-17:50,43,0,275,231,16,0,0,0,0,0,21,101,0,2,2,1,0,0,0,0,45.5899010,-122.4055405
rtc/633/0633T-201105PM.txt,Garfield St -- NE 6th Ave / Camas   OR,x,5/26/2011,16:50-17:50,46,299,5,3,11,3,2,248,20,17,17,58,0,3,0,0,0,0,0,0,45.5887985,-122.4019775
rtc/67/0067T-201105PM.txt,Norwood St -- 6th Ave / Camas  OR,x,5/19/2011,16:50-17:50,19,7,6,10,489,57,84,2,42,88,822,47,2,0,0,2,0,0,0,0,45.5821533,-122.4268036
rtc/69/0069T.201105PM.txt,Adams St -- 6th Ave / Camas  OR,x,5/19/2011,16:50-17:50,4,2,0,4,156,4,4,2,377,588,143,6,13,9,0,0,0,0,1,0,45.5861435,-122.4070587
rtc/71/0071T-201105PM.txt,Shepherd Rd -- 3rd Ave / Camas   OR,x,5/26/2011,16:50-17:50,2,3,1,3,449,114,69,1,62,92,342,2,1,0,1,0,0,0,0,0,45.5883598,-122.3740463
rtc/74/0074T-200712PM.txt,SE 164th Ave -- SE 15th St / Vancouver   WA,x,12/4/2007,16:50-17:50,22,1178,88,132,89,146,96,1363,103,95,95,33,0,1,0,1,,,,,45.6101913,-122.5040970
rtc/74/0074T-200812PM.txt,SE 164th Ave -- SE 15th St / Vancouver  WA,x,12/2/2008,16:25-17:25,32,1119,102,111,81,166,78,1453,109,88,97,42,2,0,6,0,,,,,45.6101913,-122.5040970
rtc/75/0075T-201105PM.txt,Parker St -- 38th Ave / Camas  OR,x,5/19/2011,16:50-17:50,23,177,43,35,82,104,212,146,53,60,170,21,3,7,0,1,0,1,0,0,45.6068077,-122.4505997
rtc/91/0091T-200712PM.txt,Andresen Rd -- SE Mill Plain Blvd / Vancouver  WA,x,12/5/2007,16:35-17:35,139,330,270,312,497,84,53,246,42,46,592,292,2,1,1,3,,,,,45.6268349,-122.6017075
rtc/91/0091T-200811PM.txt,Andresen Rd -- SE Mill Plain Blvd / Vancouver  WA,x,11/20/2008,16:00-17:00,152,368,269,308,451,76,51,240,41,38,562,278,7,2,8,0,,,,,45.6268349,-122.6017075
rtc/94/0094T-200712PM.txt,Garrison Rd -- SE Mill Plain Blvd / Vancouver  WA,x,12/5/2007,16:35-17:35,98,18,88,47,767,44,34,26,19,29,750,115,9,0,6,9,,,,,45.6245117,-122.5914612
rtc/94/0094T-200811PM.txt,Garrison Rd -- SE Mill Plain Blvd / Vancouver  WA,x,11/20/2008,16:20-17:20,85,23,65,30,687,39,23,27,21,37,728,108,2,4,7,1,,,,,45.6245117,-122.5914612
rtc/95/0095T-200712PM.txt,87th Ave -- SE Mill Plain Blvd / Vancouver  WA,x,12/5/2007,16:30-17:30,321,0,244,157,776,0,0,0,0,0,821,259,3,3,0,1,,,,,45.6232910,-122.5855637
rtc/95/0095T-200712PM.txt,Lieser Rd -- SE Mill Plain Blvd / Vancouver  WA,x,12/5/2007,16:35-17:35,32,29,45,17,745,274,261,24,108,97,738,15,0,6,0,0,,,,,45.6232910,-122.5855637
rtc/95/0095T-200811PM.txt,87th Ave -- SE Mill Plain Blvd / Vancouver  WA,x,11/20/2008,16:40-17:40,304,0,214,217,647,0,0,0,0,0,756,285,5,1,0,9,,,,,45.6232910,-122.5855637
rtc/95/0095T-200811PM.txt,Lieser Rd -- SE Mill Plain Blvd / Vancouver  WA,x,11/20/2008,16:45-17:45,10,21,35,11,694,240,288,12,86,96,711,17,1,1,1,1,,,,,45.6232910,-122.5855637
rtc/97/0097T-200712PM.txt,98th Ave -- SE Mill Plain Blvd / Vancouver  WA,x,12/5/2007,16:10-17:10,63,72,85,128,756,82,59,92,57,74,870,102,7,0,0,10,,,,,45.6209869,-122.5729370
rtc/97/0097T-200811PM.txt,98th Ave -- SE Mill Plain Blvd / Vancouver  WA,x,11/20/2008,16:05-17:05,57,65,72,99,733,91,70,112,73,88,862,77,2,2,1,1,,,,,45.6209869,-122.5729370
rtc/98/0098T-200712PM.txt,104th Ave -- SE Mill Plain Blvd / Vancouver  WA,x,12/5/2007,16:05-17:05,183,0,427,234,848,0,0,0,0,0,863,216,11,0,1,1,,,,,45.6209755,-122.5649109
rtc/98/0098T-200712PM.txt,105th Ave -- SE Mill Plain Blvd / Vancouver  WA,x,12/5/2007,16:00-17:00,0,0,0,0,937,146,37,0,129,58,1211,0,0,3,0,3,,,,,45.6209755,-122.5649109
rtc/98/0098T-200811PM.txt,104th Ave -- SE Mill Plain Blvd / Vancouver  WA,x,11/20/2008,16:35-17:35,206,0,438,194,798,0,0,0,0,0,800,205,7,0,0,5,,,,,45.6209755,-122.5649109
rtc/98/0098T-200811PM.txt,105th Ave -- SE Mill Plain Blvd / Vancouver  WA,x,11/20/2008,16:35-17:35,0,0,0,0,897,115,48,0,90,45,1183,1,0,21,0,0,,,,,45.6209755,-122.5649109
